metric,baseline,report_enhanced,delta
accuracy,,,
high_precision,0.813953488372093,0.8461538461538461,0.03220035778175312
high_recall,0.8536585365853658,0.8048780487804879,-0.04878048780487798
macro_f1,0.5103359173126615,0.525,0.014664082687338542
weighted_f1,0.6771711043702956,0.6858695652173913,0.00869846084709569
